{"cameraMode":{"drawMode":0,"name":"Shaded","section":"Shading Mode"},"sceneLighting":true,"audioPlay":false,"sceneViewState":{"m_AlwaysRefresh":false,"showFog":true,"showSkybox":true,"showFlares":true,"showImageEffects":true,"showParticleSystems":true,"showVisualEffectGraphs":true,"m_FxEnabled":true},"in2DMode":false,"pivot":{"x":6.393041133880615,"y":4.322300434112549,"z":-0.39304113388061526},"rotation":{"x":-0.22263801097869874,"y":0.21664930880069734,"z":-0.050818294286727908,"w":-0.9491676092147827},"size":0.0004354397824499756,"orthographic":false}