{"cameraMode":{"drawMode":0,"name":"Shaded","section":"Shading Mode"},"sceneLighting":false,"audioPlay":false,"sceneViewState":{"m_AlwaysRefresh":false,"showFog":true,"showSkybox":false,"showFlares":true,"showImageEffects":true,"showParticleSystems":true,"showVisualEffectGraphs":true,"m_FxEnabled":true},"in2DMode":false,"pivot":{"x":4.835684776306152,"y":-5.716630935668945,"z":-0.3647956848144531},"rotation":{"x":0.0013939705677330495,"y":-0.9971023201942444,"z":0.018843691796064378,"w":0.07371578365564347},"size":1.0024969577789307,"orthographic":false}